﻿Assignment,Class,Due,Type,Complete,Property
Week 3 Discussion,MPII,"May 7, 2020",Discussion,No,
MID TERM Exam,UPE06B18,"March 4, 2022",Exam,No,
Week 3 Discussion: Extrusion and Drawing Process,UPE06B18,"May 15, 2020",Discussion,No,
" Week 1 Discussion:UPE06B19: Machine Tool System",MPII,"April 23, 2020",Discussion,No,
Week 1 Discussion:Theory of Metal Forming,UPE06B18,"April 24, 2020",Discussion,No,
Week 4 Discussion:Sheet Metal Forming Processes,UPE06B18,"May 1, 2022",Discussion,No,
Week 2 Discussion: 2. Forging and Rolling process,UPE06B18,"May 8, 2020",Discussion,No,
"Week 5 Discussion:Super plastic forming ",UPE06B18,,Discussion,No,
References,UPE06B18,,Exam,No,
week 2 Discussion MPII,MPII,"May 7, 2020",Discussion,No,
,,,,No,
Operations Research,,,,No,
,,,,No,
,,,,No,
,🔎ANTH 02,,,No,
,🔎ANTH 02,,,No,