﻿Assignment,Class,Complete,Due,Property,Type
Week 3 Discussion,MPII,No,"May 7, 2020",,Discussion
MID TERM Exam,UPE06B18,No,"March 4, 2022",,Exam
Week 3 Discussion: Extrusion and Drawing Process,UPE06B18,No,"May 15, 2020",,Discussion
" Week 1 Discussion:UPE06B19: Machine Tool System",MPII,No,"April 23, 2020",,Discussion
Week 1 Discussion:Theory of Metal Forming,UPE06B18,No,"April 24, 2020",,Discussion
Week 4 Discussion:Sheet Metal Forming Processes,UPE06B18,No,"May 1, 2022",,Discussion
Week 2 Discussion: 2. Forging and Rolling process,UPE06B18,No,"May 8, 2020",,Discussion
"Week 5 Discussion:Super plastic forming ",UPE06B18,No,,,Discussion
References,UPE06B18,No,,,Exam
week 2 Discussion MPII,MPII,No,"May 7, 2020",,Discussion
,,No,,,
Operations Research,,No,,,
,,No,,,
,,No,,,
,🔎ANTH 02,No,,,
,🔎ANTH 02,No,,,