﻿Name,Class,Last Update?,Status,Last Contacted,College Prof.
Ali Abdaal,Notetaking 208,600K subs!,Time to reach out!,"April 15, 2020",No
Matt D'Avella,Minimalism 400,Livin' it up.,Time to reach out!,"April 1, 2020",No
Nathaniel Drew,Simplicity 101,"Living in France, but quarantined.",Time to reach out!,"April 17, 2020",No
New Person,,,👍,,No
Princess Leia,Star Wars 201,Rushing Alpha Kappa Chai Latte,Time to reach out!,"April 17, 2020",No
Thomas Frank,Productivity 305,Making some dope vids!,Time to reach out!,"May 12, 2017",No