﻿Name,Created,Final Grade,Instructor,Quarter/Semester,School,Semester Units,Course Link,Property
Machine Tool System,"March 9, 2022 6:41 PM",IP,Debashish Poddar,Spring 2020,National Institute Of Technology,2.7,https://deanza.instructure.com/courses/13517,
Week 1 Discussion:1. Theory of Metal Forming,"March 19, 2022 5:55 PM",A+,RN Rai,Spring 2022,National Institute Of Technology,3,,
Automation and R,"March 9, 2022 6:41 PM",A,Kishan Chaudhari,Spring 2022,National Institute Of Technology,3,,
Operations Research,"March 9, 2022 6:41 PM",A,Sujoy Chakraborty,Spring 2022,National Institute Of Technology,3,,
Machine Tool Design,"March 9, 2022 6:41 PM",IP,Debashish Poddar,Spring 2022,National Institute Of Technology,3,https://www.macmillanhighered.com/launchpad/roark8e/13461789#/ebook,
Manufacturing Process II,"March 9, 2022 6:41 PM",A,RN Rai,Spring 2022,National Instititute Of Technology Agartala,3,https://deanza.instructure.com/courses/12363,
Pizza Making 1010,"March 9, 2022 6:41 PM",Super Pizza,Pizza the Hut,Fall 2099,School of Pizza Eating,700,spaceballs.com,
fgh,"March 19, 2022 5:59 PM",,,,National Institute Of Technology,,,
Template,"March 9, 2022 6:41 PM",,,,,,,